ID,Req. Timestamp,Resp. Timestamp,Method,URL,Code,Reason,RTT,Size Resp. Header,Size Resp. Body
1090118,Thu Mar 13 18:35:48 EDT 2025,Thu Mar 13 18:35:48 EDT 2025,GET,http://17313-team01.s3d.cmu.edu:4567/5837216528433643398,404,Not Found,90,870,31207
1090120,Thu Mar 13 18:35:51 EDT 2025,Thu Mar 13 18:35:51 EDT 2025,GET,http://17313-team01.s3d.cmu.edu:4567/%252525255C%2525252522/6898272596638254461,404,Not Found,81,693,31388
1090122,Thu Mar 13 18:35:53 EDT 2025,Thu Mar 13 18:35:53 EDT 2025,GET,http://17313-team01.s3d.cmu.edu:4567/%252525255C%2525252522/github.com/1305367417785613117,404,Not Found,63,693,31507
1090124,Thu Mar 13 18:35:55 EDT 2025,Thu Mar 13 18:35:55 EDT 2025,GET,http://17313-team01.s3d.cmu.edu:4567/%252525255C%2525252522/github.com/NodeBB/4817800490166936890,404,Not Found,61,693,31516
1090126,Thu Mar 13 18:35:56 EDT 2025,Thu Mar 13 18:35:56 EDT 2025,GET,http://17313-team01.s3d.cmu.edu:4567/%252525255C%2525252522/github.com/NodeBB/NodeBB/8127405844200158135,404,Not Found,62,693,31543
1090128,Thu Mar 13 18:35:57 EDT 2025,Thu Mar 13 18:35:57 EDT 2025,GET,http://17313-team01.s3d.cmu.edu:4567/%252525255C%2525252522/github.com/NodeBB/NodeBB/graphs/899422230803362316,404,Not Found,60,693,31572
1090130,Thu Mar 13 18:35:58 EDT 2025,Thu Mar 13 18:35:58 EDT 2025,GET,http://17313-team01.s3d.cmu.edu:4567/%252525255C%2525252522/github.com/NodeBB/NodeBB/graphs/%2525255C%25252522/4630138925751092505,404,Not Found,63,693,31661
1090132,Thu Mar 13 18:35:59 EDT 2025,Thu Mar 13 18:35:59 EDT 2025,GET,http://17313-team01.s3d.cmu.edu:4567/%252525255C%2525252522/github.com/NodeBB/NodeBB/graphs/%2525255C%25252522/github.com/6292442732927634705,404,Not Found,64,693,31706
1090134,Thu Mar 13 18:36:01 EDT 2025,Thu Mar 13 18:36:01 EDT 2025,GET,http://17313-team01.s3d.cmu.edu:4567/%252525255C%2525252522/github.com/NodeBB/NodeBB/graphs/%2525255C%25252522/github.com/NodeBB/8971938003855591350,404,Not Found,66,693,31739
1090136,Thu Mar 13 18:36:03 EDT 2025,Thu Mar 13 18:36:03 EDT 2025,GET,http://17313-team01.s3d.cmu.edu:4567/%252525255C%2525252522/github.com/NodeBB/NodeBB/graphs/%2525255C%25252522/github.com/NodeBB/NodeBB/5048078124573430229,404,Not Found,59,693,31772
1090138,Thu Mar 13 18:36:03 EDT 2025,Thu Mar 13 18:36:03 EDT 2025,GET,http://17313-team01.s3d.cmu.edu:4567/%252525255C%2525252522/github.com/NodeBB/NodeBB/graphs/%2525255C%25252522/github.com/NodeBB/NodeBB/graphs/8135245142107688079,404,Not Found,61,693,31811
1090140,Thu Mar 13 18:36:06 EDT 2025,Thu Mar 13 18:36:06 EDT 2025,GET,http://17313-team01.s3d.cmu.edu:4567/%252525255C%2525252522/github.com/NodeBB/NodeBB/graphs/%2525255C%25252522/github.com/NodeBB/NodeBB/graphs/%25255C%252522/5709637571835101243,404,Not Found,67,693,31870
1090142,Thu Mar 13 18:36:08 EDT 2025,Thu Mar 13 18:36:08 EDT 2025,GET,http://17313-team01.s3d.cmu.edu:4567/%252525255C%2525252522/github.com/NodeBB/NodeBB/graphs/%2525255C%25252522/github.com/NodeBB/NodeBB/graphs/%25255C%252522/github.com/5486566143780451891,404,Not Found,66,693,31919
1090144,Thu Mar 13 18:36:09 EDT 2025,Thu Mar 13 18:36:09 EDT 2025,GET,http://17313-team01.s3d.cmu.edu:4567/%252525255C%2525252522/github.com/NodeBB/NodeBB/graphs/%2525255C%25252522/github.com/NodeBB/NodeBB/graphs/%25255C%252522/github.com/NodeBB/1483602696064415501,404,Not Found,64,693,31956
1090146,Thu Mar 13 18:36:10 EDT 2025,Thu Mar 13 18:36:11 EDT 2025,GET,http://17313-team01.s3d.cmu.edu:4567/%252525255C%2525252522/github.com/NodeBB/NodeBB/graphs/%2525255C%25252522/github.com/NodeBB/NodeBB/graphs/%25255C%252522/github.com/NodeBB/NodeBB/3762469575142367831,404,Not Found,63,693,31989
1090148,Thu Mar 13 18:36:12 EDT 2025,Thu Mar 13 18:36:12 EDT 2025,GET,http://17313-team01.s3d.cmu.edu:4567/%252525255C%2525252522/github.com/NodeBB/NodeBB/graphs/%2525255C%25252522/github.com/NodeBB/NodeBB/graphs/%25255C%252522/github.com/NodeBB/NodeBB/graphs/4905505274033441386,404,Not Found,61,693,32022
1090150,Thu Mar 13 18:36:12 EDT 2025,Thu Mar 13 18:36:12 EDT 2025,GET,http://17313-team01.s3d.cmu.edu:4567/%252525255C%2525252522/github.com/NodeBB/NodeBB/graphs/%2525255C%25252522/github.com/NodeBB/NodeBB/graphs/%25255C%252522/github.com/NodeBB/NodeBB/graphs/%255C%2522https:/4621145904571509795,404,Not Found,38,693,32093
1090152,Thu Mar 13 18:36:12 EDT 2025,Thu Mar 13 18:36:12 EDT 2025,GET,http://17313-team01.s3d.cmu.edu:4567/%252525255C%2525252522/github.com/NodeBB/NodeBB/graphs/%2525255C%25252522/github.com/NodeBB/NodeBB/graphs/%25255C%252522/github.com/NodeBB/NodeBB/graphs/%255C%2522https:/%5C%22/9153056325619728126,404,Not Found,43,693,32128
1090154,Thu Mar 13 18:36:12 EDT 2025,Thu Mar 13 18:36:12 EDT 2025,GET,http://17313-team01.s3d.cmu.edu:4567/%252525255C%2525252522/github.com/NodeBB/NodeBB/graphs/%2525255C%25252522/github.com/NodeBB/NodeBB/graphs/%25255C%252522/github.com/NodeBB/NodeBB/graphs/%255C%2522https:/%5C%22/github.com/6094696325349281952,404,Not Found,39,693,32177
1090156,Thu Mar 13 18:36:12 EDT 2025,Thu Mar 13 18:36:12 EDT 2025,GET,http://17313-team01.s3d.cmu.edu:4567/%252525255C%2525252522/github.com/NodeBB/NodeBB/graphs/%2525255C%25252522/github.com/NodeBB/NodeBB/graphs/%25255C%252522/github.com/NodeBB/NodeBB/graphs/%255C%2522https:/%5C%22/github.com/NodeBB/4864513203813724021,404,Not Found,40,693,32206
1090158,Thu Mar 13 18:36:12 EDT 2025,Thu Mar 13 18:36:12 EDT 2025,GET,http://17313-team01.s3d.cmu.edu:4567/%252525255C%2525252522/github.com/NodeBB/NodeBB/graphs/%2525255C%25252522/github.com/NodeBB/NodeBB/graphs/%25255C%252522/github.com/NodeBB/NodeBB/graphs/%255C%2522https:/%5C%22/github.com/NodeBB/NodeBB/8872721975816940040,404,Not Found,41,693,32239
1090160,Thu Mar 13 18:36:12 EDT 2025,Thu Mar 13 18:36:12 EDT 2025,GET,http://17313-team01.s3d.cmu.edu:4567/%252525255C%2525252522/github.com/NodeBB/NodeBB/graphs/%2525255C%25252522/github.com/NodeBB/NodeBB/graphs/%25255C%252522/github.com/NodeBB/NodeBB/graphs/%255C%2522https:/%5C%22/github.com/NodeBB/NodeBB/graphs/2335197400548788069,404,Not Found,40,693,32272
1090162,Thu Mar 13 18:36:12 EDT 2025,Thu Mar 13 18:36:12 EDT 2025,GET,http://17313-team01.s3d.cmu.edu:4567/%252525255C%2525252522/github.com/NodeBB/NodeBB/graphs/%2525255C%25252522/github.com/NodeBB/NodeBB/graphs/%25255C%252522/github.com/NodeBB/NodeBB/graphs/%255C%2522https:/%5C%22https:/3621030547388531247,404,Not Found,40,693,32148
1090164,Thu Mar 13 18:36:12 EDT 2025,Thu Mar 13 18:36:12 EDT 2025,GET,http://17313-team01.s3d.cmu.edu:4567/%252525255C%2525252522/github.com/NodeBB/NodeBB/graphs/%2525255C%25252522/github.com/NodeBB/NodeBB/graphs/%25255C%252522/github.com/NodeBB/NodeBB/graphs/%255C%2522/4054300183907742762,404,Not Found,44,693,32071
1090166,Thu Mar 13 18:36:12 EDT 2025,Thu Mar 13 18:36:12 EDT 2025,GET,http://17313-team01.s3d.cmu.edu:4567/%252525255C%2525252522/github.com/NodeBB/NodeBB/graphs/%2525255C%25252522/github.com/NodeBB/NodeBB/graphs/%25255C%252522/github.com/NodeBB/NodeBB/graphs/%255C%2522/github.com/3212192617777382262,404,Not Found,36,693,32122
1090168,Thu Mar 13 18:36:12 EDT 2025,Thu Mar 13 18:36:12 EDT 2025,GET,http://17313-team01.s3d.cmu.edu:4567/%252525255C%2525252522/github.com/NodeBB/NodeBB/graphs/%2525255C%25252522/github.com/NodeBB/NodeBB/graphs/%25255C%252522/github.com/NodeBB/NodeBB/graphs/%255C%2522/github.com/NodeBB/3906624565822478373,404,Not Found,31,693,32153
1090170,Thu Mar 13 18:36:12 EDT 2025,Thu Mar 13 18:36:12 EDT 2025,GET,http://17313-team01.s3d.cmu.edu:4567/%252525255C%2525252522/github.com/NodeBB/NodeBB/graphs/%2525255C%25252522/github.com/NodeBB/NodeBB/graphs/%25255C%252522/github.com/NodeBB/NodeBB/graphs/%255C%2522/github.com/NodeBB/NodeBB/6625383299482530991,404,Not Found,33,693,32184
1090172,Thu Mar 13 18:36:12 EDT 2025,Thu Mar 13 18:36:12 EDT 2025,GET,http://17313-team01.s3d.cmu.edu:4567/%252525255C%2525252522/github.com/NodeBB/NodeBB/graphs/%2525255C%25252522/github.com/NodeBB/NodeBB/graphs/%25255C%252522/github.com/NodeBB/NodeBB/graphs/%255C%2522/github.com/NodeBB/NodeBB/graphs/7416749367894263082,404,Not Found,32,693,32219
1090174,Thu Mar 13 18:36:12 EDT 2025,Thu Mar 13 18:36:12 EDT 2025,GET,http://17313-team01.s3d.cmu.edu:4567/%252525255C%2525252522/github.com/NodeBB/NodeBB/graphs/%2525255C%25252522/github.com/NodeBB/NodeBB/graphs/%25255C%252522/github.com/NodeBB/NodeBB/graphs/%255C%2522/github.com/NodeBB/NodeBB/graphs/%5C%22/5003343879779645298,404,Not Found,33,693,32248
1090176,Thu Mar 13 18:36:17 EDT 2025,Thu Mar 13 18:36:17 EDT 2025,GET,http://17313-team01.s3d.cmu.edu:4567/%252525255C%2525252522/github.com/NodeBB/NodeBB/graphs/%2525255C%25252522/github.com/NodeBB/NodeBB/graphs/%25255C%252522/github.com/NodeBB/NodeBB/graphs/%255C%2522/github.com/NodeBB/NodeBB/graphs/%5C%22/github.com/3378358958151098013,404,Not Found,66,693,32303
1090178,Thu Mar 13 18:36:18 EDT 2025,Thu Mar 13 18:36:18 EDT 2025,GET,http://17313-team01.s3d.cmu.edu:4567/%252525255C%2525252522/github.com/NodeBB/NodeBB/graphs/%2525255C%25252522/github.com/NodeBB/NodeBB/graphs/%25255C%252522/github.com/NodeBB/NodeBB/graphs/%255C%2522/github.com/NodeBB/NodeBB/graphs/%5C%22/github.com/NodeBB/3745842538867979663,404,Not Found,64,693,32330
1090180,Thu Mar 13 18:36:20 EDT 2025,Thu Mar 13 18:36:20 EDT 2025,GET,http://17313-team01.s3d.cmu.edu:4567/%252525255C%2525252522/github.com/NodeBB/NodeBB/graphs/%2525255C%25252522/github.com/NodeBB/NodeBB/graphs/%25255C%252522/github.com/NodeBB/NodeBB/graphs/%255C%2522/github.com/NodeBB/NodeBB/graphs/%5C%22/github.com/NodeBB/NodeBB/9070098819119581877,404,Not Found,68,693,32363
1090182,Thu Mar 13 18:36:21 EDT 2025,Thu Mar 13 18:36:21 EDT 2025,GET,http://17313-team01.s3d.cmu.edu:4567/%252525255C%2525252522/github.com/NodeBB/NodeBB/graphs/%2525255C%25252522/github.com/NodeBB/NodeBB/graphs/%25255C%252522/github.com/NodeBB/NodeBB/graphs/%255C%2522/github.com/NodeBB/NodeBB/graphs/%5C%22/github.com/NodeBB/NodeBB/graphs/3365985549555394891,404,Not Found,63,693,32400
1090184,Thu Mar 13 18:36:21 EDT 2025,Thu Mar 13 18:36:21 EDT 2025,GET,http://17313-team01.s3d.cmu.edu:4567/%252525255C%2525252522/github.com/NodeBB/NodeBB/graphs/%2525255C%25252522/github.com/NodeBB/NodeBB/graphs/%25255C%252522/github.com/NodeBB/NodeBB/graphs/%255C%2522/github.com/NodeBB/NodeBB/graphs/%5C%22https:/5735193824123303919,404,Not Found,42,693,32276
1090186,Thu Mar 13 18:36:21 EDT 2025,Thu Mar 13 18:36:22 EDT 2025,GET,http://17313-team01.s3d.cmu.edu:4567/%252525255C%2525252522/github.com/NodeBB/NodeBB/graphs/%2525255C%25252522/github.com/NodeBB/NodeBB/graphs/%25255C%252522https:/3669664593992649029,404,Not Found,41,693,31900
1090188,Thu Mar 13 18:36:22 EDT 2025,Thu Mar 13 18:36:22 EDT 2025,GET,http://17313-team01.s3d.cmu.edu:4567/%252525255C%2525252522/github.com/NodeBB/NodeBB/graphs/%2525255C%25252522/github.com/NodeBB/NodeBB/graphs/%25255C%252522https:/%255C%2522/3837778072844740059,404,Not Found,41,693,31949
1090190,Thu Mar 13 18:36:24 EDT 2025,Thu Mar 13 18:36:24 EDT 2025,GET,http://17313-team01.s3d.cmu.edu:4567/%252525255C%2525252522/github.com/NodeBB/NodeBB/graphs/%2525255C%25252522/github.com/NodeBB/NodeBB/graphs/%25255C%252522https:/%255C%2522/github.com/1727991617823469861,404,Not Found,63,693,31996
1090192,Thu Mar 13 18:36:26 EDT 2025,Thu Mar 13 18:36:26 EDT 2025,GET,http://17313-team01.s3d.cmu.edu:4567/%252525255C%2525252522/github.com/NodeBB/NodeBB/graphs/%2525255C%25252522/github.com/NodeBB/NodeBB/graphs/%25255C%252522https:/%255C%2522/github.com/NodeBB/6282147794585164330,404,Not Found,58,693,32029
1090194,Thu Mar 13 18:36:27 EDT 2025,Thu Mar 13 18:36:27 EDT 2025,GET,http://17313-team01.s3d.cmu.edu:4567/%252525255C%2525252522/github.com/NodeBB/NodeBB/graphs/%2525255C%25252522/github.com/NodeBB/NodeBB/graphs/%25255C%252522https:/%255C%2522/github.com/NodeBB/NodeBB/6062591667671322102,404,Not Found,57,693,32058
1090196,Thu Mar 13 18:36:32 EDT 2025,Thu Mar 13 18:36:32 EDT 2025,GET,http://17313-team01.s3d.cmu.edu:4567/%252525255C%2525252522/github.com/NodeBB/NodeBB/graphs/%2525255C%25252522/github.com/NodeBB/NodeBB/graphs/%25255C%252522https:/%255C%2522/github.com/NodeBB/NodeBB/graphs/308143234664815272,404,Not Found,183,693,32091
1090198,Thu Mar 13 18:36:32 EDT 2025,Thu Mar 13 18:36:32 EDT 2025,GET,http://17313-team01.s3d.cmu.edu:4567/%252525255C%2525252522/github.com/NodeBB/NodeBB/graphs/%2525255C%25252522/github.com/NodeBB/NodeBB/graphs/%25255C%252522https:/%255C%2522/github.com/NodeBB/NodeBB/graphs/%5C%22/8041752626916220006,404,Not Found,61,693,32124
1090200,Thu Mar 13 18:36:38 EDT 2025,Thu Mar 13 18:36:38 EDT 2025,GET,http://17313-team01.s3d.cmu.edu:4567/%252525255C%2525252522/github.com/NodeBB/NodeBB/graphs/%2525255C%25252522/github.com/NodeBB/NodeBB/graphs/%25255C%252522https:/%255C%2522/github.com/NodeBB/NodeBB/graphs/%5C%22/github.com/7436279533176757108,404,Not Found,78,693,32177
1090202,Thu Mar 13 18:36:38 EDT 2025,Thu Mar 13 18:36:38 EDT 2025,GET,http://17313-team01.s3d.cmu.edu:4567/%252525255C%2525252522/github.com/NodeBB/NodeBB/graphs/%2525255C%25252522/github.com/NodeBB/NodeBB/graphs/%25255C%252522https:/%255C%2522/github.com/NodeBB/NodeBB/graphs/%5C%22/github.com/NodeBB/8041829298807893963,404,Not Found,49,693,32210
1090204,Thu Mar 13 18:36:38 EDT 2025,Thu Mar 13 18:36:38 EDT 2025,GET,http://17313-team01.s3d.cmu.edu:4567/%252525255C%2525252522/github.com/NodeBB/NodeBB/graphs/%2525255C%25252522/github.com/NodeBB/NodeBB/graphs/%25255C%252522https:/%255C%2522/github.com/NodeBB/NodeBB/graphs/%5C%22/github.com/NodeBB/NodeBB/4725674763887683511,404,Not Found,33,693,32245
1090206,Thu Mar 13 18:36:42 EDT 2025,Thu Mar 13 18:36:42 EDT 2025,GET,http://17313-team01.s3d.cmu.edu:4567/%252525255C%2525252522/github.com/NodeBB/NodeBB/graphs/%2525255C%25252522/github.com/NodeBB/NodeBB/graphs/%25255C%252522https:/%255C%2522/github.com/NodeBB/NodeBB/graphs/%5C%22/github.com/NodeBB/NodeBB/graphs/7404799634464255431,404,Not Found,63,693,32272
1090208,Thu Mar 13 18:36:45 EDT 2025,Thu Mar 13 18:36:45 EDT 2025,GET,http://17313-team01.s3d.cmu.edu:4567/%252525255C%2525252522/github.com/NodeBB/NodeBB/graphs/%2525255C%25252522/github.com/NodeBB/NodeBB/graphs/%25255C%252522https:/%255C%2522/github.com/NodeBB/NodeBB/graphs/%5C%22https:/3612962022614600671,404,Not Found,62,693,32148
1090210,Thu Mar 13 18:36:45 EDT 2025,Thu Mar 13 18:36:45 EDT 2025,GET,http://17313-team01.s3d.cmu.edu:4567/%252525255C%2525252522/github.com/NodeBB/NodeBB/graphs/%2525255C%25252522/github.com/NodeBB/NodeBB/graphs/%25255C%252522https:/%255C%2522https:/8550984471751601146,404,Not Found,37,693,31969
1090212,Thu Mar 13 18:36:45 EDT 2025,Thu Mar 13 18:36:45 EDT 2025,GET,http://17313-team01.s3d.cmu.edu:4567/%252525255C%2525252522/github.com/NodeBB/NodeBB/graphs/%2525255C%25252522/github.com/NodeBB/NodeBB/graphs/%25255C%252522https:/%255C%2522https:/%5C%22/5597604564172601745,404,Not Found,31,693,32006
1090214,Thu Mar 13 18:36:48 EDT 2025,Thu Mar 13 18:36:48 EDT 2025,GET,http://17313-team01.s3d.cmu.edu:4567/%252525255C%2525252522/github.com/NodeBB/NodeBB/graphs/%2525255C%25252522/github.com/NodeBB/NodeBB/graphs/%25255C%252522https:/%255C%2522https:/%5C%22/github.com/3070042197651965966,404,Not Found,62,693,32049
1090216,Thu Mar 13 18:36:51 EDT 2025,Thu Mar 13 18:36:51 EDT 2025,GET,http://17313-team01.s3d.cmu.edu:4567/%252525255C%2525252522/github.com/NodeBB/NodeBB/graphs/%2525255C%25252522/github.com/NodeBB/NodeBB/graphs/%25255C%252522https:/%255C%2522https:/%5C%22/github.com/NodeBB/277518788583690945,404,Not Found,67,693,32078
1090218,Thu Mar 13 18:36:51 EDT 2025,Thu Mar 13 18:36:51 EDT 2025,GET,http://17313-team01.s3d.cmu.edu:4567/%252525255C%2525252522/github.com/NodeBB/NodeBB/graphs/%2525255C%25252522/github.com/NodeBB/NodeBB/graphs/%25255C%252522https:/%255C%2522https:/%5C%22/github.com/NodeBB/NodeBB/1796023319731506842,404,Not Found,38,693,32115
1090220,Thu Mar 13 18:36:57 EDT 2025,Thu Mar 13 18:36:57 EDT 2025,GET,http://17313-team01.s3d.cmu.edu:4567/%252525255C%2525252522/github.com/NodeBB/NodeBB/graphs/%2525255C%25252522/github.com/NodeBB/NodeBB/graphs/%25255C%252522https:/%255C%2522https:/%5C%22/github.com/NodeBB/NodeBB/graphs/8470894525922022773,404,Not Found,83,693,32154
1090222,Thu Mar 13 18:37:03 EDT 2025,Thu Mar 13 18:37:03 EDT 2025,GET,http://17313-team01.s3d.cmu.edu:4567/%252525255C%2525252522/github.com/NodeBB/NodeBB/graphs/%2525255C%25252522/github.com/NodeBB/NodeBB/graphs/%25255C%252522https:/%255C%2522https:/%5C%22https:/5047679319910545896,404,Not Found,73,693,32026
1090224,Thu Mar 13 18:37:06 EDT 2025,Thu Mar 13 18:37:06 EDT 2025,GET,http://17313-team01.s3d.cmu.edu:4567/%252525255C%2525252522/github.com/NodeBB/NodeBB/graphs/%2525255C%25252522https:/2858701302428214324,404,Not Found,54,693,31681
1090226,Thu Mar 13 18:37:09 EDT 2025,Thu Mar 13 18:37:09 EDT 2025,GET,http://17313-team01.s3d.cmu.edu:4567/%252525255C%2525252522/github.com/NodeBB/NodeBB/graphs/%2525255C%25252522https:/%25255C%252522/4962908939406900314,404,Not Found,53,693,31748
1090228,Thu Mar 13 18:37:09 EDT 2025,Thu Mar 13 18:37:09 EDT 2025,GET,http://17313-team01.s3d.cmu.edu:4567/%252525255C%2525252522/github.com/NodeBB/NodeBB/graphs/%2525255C%25252522https:/%25255C%252522/github.com/6807368969060704144,404,Not Found,31,693,31795
1090230,Thu Mar 13 18:37:09 EDT 2025,Thu Mar 13 18:37:09 EDT 2025,GET,http://17313-team01.s3d.cmu.edu:4567/%252525255C%2525252522/github.com/NodeBB/NodeBB/graphs/%2525255C%25252522https:/%25255C%252522/github.com/NodeBB/9148637350485441485,404,Not Found,29,693,31830
1090232,Thu Mar 13 18:37:12 EDT 2025,Thu Mar 13 18:37:12 EDT 2025,GET,http://17313-team01.s3d.cmu.edu:4567/%252525255C%2525252522/github.com/NodeBB/NodeBB/graphs/%2525255C%25252522https:/%25255C%252522/github.com/NodeBB/NodeBB/5566012440989464227,404,Not Found,53,693,31867
1090234,Thu Mar 13 18:37:14 EDT 2025,Thu Mar 13 18:37:14 EDT 2025,GET,http://17313-team01.s3d.cmu.edu:4567/%252525255C%2525252522/github.com/NodeBB/NodeBB/graphs/%2525255C%25252522https:/%25255C%252522/github.com/NodeBB/NodeBB/graphs/6210133885814526210,404,Not Found,62,693,31894
1090236,Thu Mar 13 18:37:14 EDT 2025,Thu Mar 13 18:37:14 EDT 2025,GET,http://17313-team01.s3d.cmu.edu:4567/%252525255C%2525252522/github.com/NodeBB/NodeBB/graphs/%2525255C%25252522https:/%25255C%252522/github.com/NodeBB/NodeBB/graphs/%255C%2522/3791432785120745632,404,Not Found,39,693,31943
1090238,Thu Mar 13 18:37:15 EDT 2025,Thu Mar 13 18:37:15 EDT 2025,GET,http://17313-team01.s3d.cmu.edu:4567/%252525255C%2525252522/github.com/NodeBB/NodeBB/graphs/%2525255C%25252522https:/%25255C%252522/github.com/NodeBB/NodeBB/graphs/%255C%2522/github.com/6619881101836639126,404,Not Found,64,693,31992
1090240,Thu Mar 13 18:37:17 EDT 2025,Thu Mar 13 18:37:17 EDT 2025,GET,http://17313-team01.s3d.cmu.edu:4567/%252525255C%2525252522/github.com/NodeBB/NodeBB/graphs/%2525255C%25252522https:/%25255C%252522/github.com/NodeBB/NodeBB/graphs/%255C%2522/github.com/NodeBB/7999326873379678142,404,Not Found,65,693,32027
1090242,Thu Mar 13 18:37:18 EDT 2025,Thu Mar 13 18:37:18 EDT 2025,GET,http://17313-team01.s3d.cmu.edu:4567/%252525255C%2525252522/github.com/NodeBB/NodeBB/graphs/%2525255C%25252522https:/%25255C%252522/github.com/NodeBB/NodeBB/graphs/%255C%2522/github.com/NodeBB/NodeBB/6474276787087010913,404,Not Found,40,693,32062
1090244,Thu Mar 13 18:37:21 EDT 2025,Thu Mar 13 18:37:21 EDT 2025,GET,http://17313-team01.s3d.cmu.edu:4567/%252525255C%2525252522/github.com/NodeBB/NodeBB/graphs/%2525255C%25252522https:/%25255C%252522/github.com/NodeBB/NodeBB/graphs/%255C%2522/github.com/NodeBB/NodeBB/graphs/2859793627419947257,404,Not Found,61,693,32095
1090246,Thu Mar 13 18:37:21 EDT 2025,Thu Mar 13 18:37:21 EDT 2025,GET,http://17313-team01.s3d.cmu.edu:4567/%252525255C%2525252522/github.com/NodeBB/NodeBB/graphs/%2525255C%25252522https:/%25255C%252522/github.com/NodeBB/NodeBB/graphs/%255C%2522/github.com/NodeBB/NodeBB/graphs/%5C%22/3150543879870004077,404,Not Found,41,693,32124
1090248,Thu Mar 13 18:37:21 EDT 2025,Thu Mar 13 18:37:21 EDT 2025,GET,http://17313-team01.s3d.cmu.edu:4567/%252525255C%2525252522/github.com/NodeBB/NodeBB/graphs/%2525255C%25252522https:/%25255C%252522/github.com/NodeBB/NodeBB/graphs/%255C%2522/github.com/NodeBB/NodeBB/graphs/%5C%22/github.com/3201960938135773424,404,Not Found,43,693,32177
1090250,Thu Mar 13 18:37:25 EDT 2025,Thu Mar 13 18:37:25 EDT 2025,GET,http://17313-team01.s3d.cmu.edu:4567/%252525255C%2525252522/github.com/NodeBB/NodeBB/graphs/%2525255C%25252522https:/%25255C%252522/github.com/NodeBB/NodeBB/graphs/%255C%2522/github.com/NodeBB/NodeBB/graphs/%5C%22/github.com/NodeBB/8596939013797293766,404,Not Found,67,693,32206
1090252,Thu Mar 13 18:37:26 EDT 2025,Thu Mar 13 18:37:26 EDT 2025,GET,http://17313-team01.s3d.cmu.edu:4567/%252525255C%2525252522/github.com/NodeBB/NodeBB/graphs/%2525255C%25252522https:/%25255C%252522/github.com/NodeBB/NodeBB/graphs/%255C%2522/github.com/NodeBB/NodeBB/graphs/%5C%22/github.com/NodeBB/NodeBB/8741858235497443147,404,Not Found,67,693,32243
1090254,Thu Mar 13 18:37:27 EDT 2025,Thu Mar 13 18:37:27 EDT 2025,GET,http://17313-team01.s3d.cmu.edu:4567/%252525255C%2525252522/github.com/NodeBB/NodeBB/graphs/%2525255C%25252522https:/%25255C%252522/github.com/NodeBB/NodeBB/graphs/%255C%2522/github.com/NodeBB/NodeBB/graphs/%5C%22/github.com/NodeBB/NodeBB/graphs/5122417616400056039,404,Not Found,56,693,32276
1090256,Thu Mar 13 18:37:30 EDT 2025,Thu Mar 13 18:37:30 EDT 2025,GET,http://17313-team01.s3d.cmu.edu:4567/%252525255C%2525252522/github.com/NodeBB/NodeBB/graphs/%2525255C%25252522https:/%25255C%252522/github.com/NodeBB/NodeBB/graphs/%255C%2522/github.com/NodeBB/NodeBB/graphs/%5C%22https:/6749874231989110227,404,Not Found,64,693,32152
1090258,Thu Mar 13 18:37:30 EDT 2025,Thu Mar 13 18:37:31 EDT 2025,GET,http://17313-team01.s3d.cmu.edu:4567/%252525255C%2525252522/github.com/NodeBB/NodeBB/graphs/%2525255C%25252522https:/%25255C%252522/github.com/NodeBB/NodeBB/graphs/%255C%2522https:/4422053210962855304,404,Not Found,70,693,31971
1090260,Thu Mar 13 18:37:33 EDT 2025,Thu Mar 13 18:37:33 EDT 2025,GET,http://17313-team01.s3d.cmu.edu:4567/%252525255C%2525252522/github.com/NodeBB/NodeBB/graphs/%2525255C%25252522https:/%25255C%252522/github.com/NodeBB/NodeBB/graphs/%255C%2522https:/%5C%22https:/449389392408648554,404,Not Found,69,693,32024
1090262,Thu Mar 13 18:37:34 EDT 2025,Thu Mar 13 18:37:34 EDT 2025,GET,http://17313-team01.s3d.cmu.edu:4567/%252525255C%2525252522/github.com/NodeBB/NodeBB/graphs/%2525255C%25252522https:/%25255C%252522/github.com/NodeBB/NodeBB/graphs/%255C%2522https:/%5C%22/7115629088586288885,404,Not Found,57,693,32000
1090264,Thu Mar 13 18:37:37 EDT 2025,Thu Mar 13 18:37:37 EDT 2025,GET,http://17313-team01.s3d.cmu.edu:4567/%252525255C%2525252522/github.com/NodeBB/NodeBB/graphs/%2525255C%25252522https:/%25255C%252522/github.com/NodeBB/NodeBB/graphs/%255C%2522https:/%5C%22/github.com/4694373651451415607,404,Not Found,69,693,32049
1090266,Thu Mar 13 18:37:37 EDT 2025,Thu Mar 13 18:37:37 EDT 2025,GET,http://17313-team01.s3d.cmu.edu:4567/%252525255C%2525252522/github.com/NodeBB/NodeBB/graphs/%2525255C%25252522https:/%25255C%252522/github.com/NodeBB/NodeBB/graphs/%255C%2522https:/%5C%22/github.com/NodeBB/6510159879744882560,404,Not Found,61,693,32084
1090268,Thu Mar 13 18:37:40 EDT 2025,Thu Mar 13 18:37:40 EDT 2025,GET,http://17313-team01.s3d.cmu.edu:4567/%252525255C%2525252522/github.com/NodeBB/NodeBB/graphs/%2525255C%25252522https:/%25255C%252522/github.com/NodeBB/NodeBB/graphs/%255C%2522https:/%5C%22/github.com/NodeBB/NodeBB/2350079648044812598,404,Not Found,67,693,32121
1090270,Thu Mar 13 18:37:40 EDT 2025,Thu Mar 13 18:37:41 EDT 2025,GET,http://17313-team01.s3d.cmu.edu:4567/%252525255C%2525252522/github.com/NodeBB/NodeBB/graphs/%2525255C%25252522https:/%25255C%252522/github.com/NodeBB/NodeBB/graphs/%255C%2522https:/%5C%22/github.com/NodeBB/NodeBB/graphs/867520285275833267,404,Not Found,62,693,32144
1090272,Thu Mar 13 18:37:44 EDT 2025,Thu Mar 13 18:37:44 EDT 2025,GET,http://17313-team01.s3d.cmu.edu:4567/%252525255C%2525252522/github.com/NodeBB/NodeBB/graphs/%2525255C%25252522https:/%25255C%252522https:/605326715719045298,404,Not Found,57,693,31768
1090274,Thu Mar 13 18:37:44 EDT 2025,Thu Mar 13 18:37:44 EDT 2025,GET,http://17313-team01.s3d.cmu.edu:4567/%252525255C%2525252522/github.com/NodeBB/NodeBB/graphs/%2525255C%25252522https:/%25255C%252522https:/%255C%2522/1726858824794186122,404,Not Found,64,693,31821
1090276,Thu Mar 13 18:37:45 EDT 2025,Thu Mar 13 18:37:45 EDT 2025,GET,http://17313-team01.s3d.cmu.edu:4567/%252525255C%2525252522/github.com/NodeBB/NodeBB/graphs/%2525255C%25252522https:/%25255C%252522https:/%255C%2522/github.com/661332681394837730,404,Not Found,64,693,31864
1090278,Thu Mar 13 18:37:47 EDT 2025,Thu Mar 13 18:37:47 EDT 2025,GET,http://17313-team01.s3d.cmu.edu:4567/%252525255C%2525252522/github.com/NodeBB/NodeBB/graphs/%2525255C%25252522https:/%25255C%252522https:/%255C%2522/github.com/NodeBB/6931320225092431184,404,Not Found,64,693,31903
1090280,Thu Mar 13 18:37:48 EDT 2025,Thu Mar 13 18:37:48 EDT 2025,GET,http://17313-team01.s3d.cmu.edu:4567/%252525255C%2525252522/github.com/NodeBB/NodeBB/graphs/%2525255C%25252522https:/%25255C%252522https:/%255C%2522/github.com/NodeBB/NodeBB/7849541792905154037,404,Not Found,66,693,31936
1090282,Thu Mar 13 18:37:51 EDT 2025,Thu Mar 13 18:37:52 EDT 2025,GET,http://17313-team01.s3d.cmu.edu:4567/%252525255C%2525252522/github.com/NodeBB/NodeBB/graphs/%2525255C%25252522https:/%25255C%252522https:/%255C%2522/github.com/NodeBB/NodeBB/graphs/5987527159401262328,404,Not Found,67,693,31971
1090284,Thu Mar 13 18:37:52 EDT 2025,Thu Mar 13 18:37:52 EDT 2025,GET,http://17313-team01.s3d.cmu.edu:4567/%252525255C%2525252522/github.com/NodeBB/NodeBB/graphs/%2525255C%25252522https:/%25255C%252522https:/%255C%2522/github.com/NodeBB/NodeBB/graphs/%5C%22/2709024189217720420,404,Not Found,64,693,32002
1090286,Thu Mar 13 18:37:54 EDT 2025,Thu Mar 13 18:37:54 EDT 2025,GET,http://17313-team01.s3d.cmu.edu:4567/%252525255C%2525252522/github.com/NodeBB/NodeBB/graphs/%2525255C%25252522https:/%25255C%252522https:/%255C%2522/github.com/NodeBB/NodeBB/graphs/%5C%22/github.com/4718260991604380272,404,Not Found,69,693,32053
1090288,Thu Mar 13 18:37:56 EDT 2025,Thu Mar 13 18:37:56 EDT 2025,GET,http://17313-team01.s3d.cmu.edu:4567/%252525255C%2525252522/github.com/NodeBB/NodeBB/graphs/%2525255C%25252522https:/%25255C%252522https:/%255C%2522/github.com/NodeBB/NodeBB/graphs/%5C%22/github.com/NodeBB/1418414429798823366,404,Not Found,50,693,32084
1090290,Thu Mar 13 18:37:59 EDT 2025,Thu Mar 13 18:37:59 EDT 2025,GET,http://17313-team01.s3d.cmu.edu:4567/%252525255C%2525252522/github.com/NodeBB/NodeBB/graphs/%2525255C%25252522https:/%25255C%252522https:/%255C%2522/github.com/NodeBB/NodeBB/graphs/%5C%22/github.com/NodeBB/NodeBB/1664598641797659230,404,Not Found,67,693,32115
1090292,Thu Mar 13 18:38:00 EDT 2025,Thu Mar 13 18:38:00 EDT 2025,GET,http://17313-team01.s3d.cmu.edu:4567/%252525255C%2525252522/github.com/NodeBB/NodeBB/graphs/%2525255C%25252522https:/%25255C%252522https:/%255C%2522/github.com/NodeBB/NodeBB/graphs/%5C%22/github.com/NodeBB/NodeBB/graphs/3499734558403356735,404,Not Found,57,693,32148
1090294,Thu Mar 13 18:38:02 EDT 2025,Thu Mar 13 18:38:02 EDT 2025,GET,http://17313-team01.s3d.cmu.edu:4567/%252525255C%2525252522/github.com/NodeBB/NodeBB/graphs/%2525255C%25252522https:/%25255C%252522https:/%255C%2522/github.com/NodeBB/NodeBB/graphs/%5C%22https:/5711903444220066011,404,Not Found,59,693,32028
1090296,Thu Mar 13 18:38:03 EDT 2025,Thu Mar 13 18:38:03 EDT 2025,GET,http://17313-team01.s3d.cmu.edu:4567/%252525255C%2525252522/github.com/NodeBB/NodeBB/graphs/%2525255C%25252522https:/%25255C%252522https:/%255C%2522https:/914819965879116475,404,Not Found,65,693,31839
1090298,Thu Mar 13 18:38:07 EDT 2025,Thu Mar 13 18:38:07 EDT 2025,GET,http://17313-team01.s3d.cmu.edu:4567/%252525255C%2525252522/github.com/NodeBB/NodeBB/graphs/%2525255C%25252522https:/%25255C%252522https:/%255C%2522https:/%5C%22https:/4964410536306331273,404,Not Found,60,693,31904
1090300,Thu Mar 13 18:38:08 EDT 2025,Thu Mar 13 18:38:08 EDT 2025,GET,http://17313-team01.s3d.cmu.edu:4567/%252525255C%2525252522/github.com/NodeBB/NodeBB/graphs/%2525255C%25252522https:/%25255C%252522https:/%255C%2522https:/%5C%22/2943138498244038932,404,Not Found,64,693,31876
1090302,Thu Mar 13 18:38:09 EDT 2025,Thu Mar 13 18:38:09 EDT 2025,GET,http://17313-team01.s3d.cmu.edu:4567/%252525255C%2525252522/github.com/NodeBB/NodeBB/graphs/%2525255C%25252522https:/%25255C%252522https:/%255C%2522https:/%5C%22/github.com/7797871235403011030,404,Not Found,63,693,31929
1090304,Thu Mar 13 18:38:11 EDT 2025,Thu Mar 13 18:38:11 EDT 2025,GET,http://17313-team01.s3d.cmu.edu:4567/%252525255C%2525252522/github.com/NodeBB/NodeBB/graphs/%2525255C%25252522https:/%25255C%252522https:/%255C%2522https:/%5C%22/github.com/NodeBB/166094832674365578,404,Not Found,69,693,31958
1090306,Thu Mar 13 18:38:12 EDT 2025,Thu Mar 13 18:38:12 EDT 2025,GET,http://17313-team01.s3d.cmu.edu:4567/%252525255C%2525252522/github.com/NodeBB/NodeBB/graphs/%2525255C%25252522https:/%25255C%252522https:/%255C%2522https:/%5C%22/github.com/NodeBB/NodeBB/8515209056328137279,404,Not Found,66,693,31991
1090308,Thu Mar 13 18:38:14 EDT 2025,Thu Mar 13 18:38:14 EDT 2025,GET,http://17313-team01.s3d.cmu.edu:4567/%252525255C%2525252522/github.com/NodeBB/NodeBB/graphs/%2525255C%25252522https:/%25255C%252522https:/%255C%2522https:/%5C%22/github.com/NodeBB/NodeBB/graphs/644028595361366495,404,Not Found,62,693,32024
1090310,Thu Mar 13 18:38:14 EDT 2025,Thu Mar 13 18:38:14 EDT 2025,GET,http://17313-team01.s3d.cmu.edu:4567/%252525255C%2525252522https:/6604388737212178719,404,Not Found,65,693,31434
1090312,Thu Mar 13 18:38:17 EDT 2025,Thu Mar 13 18:38:17 EDT 2025,GET,http://17313-team01.s3d.cmu.edu:4567/%252525255C%2525252522https:/%2525255C%25252522/3372385454325637447,404,Not Found,68,693,31597
1090314,Thu Mar 13 18:38:20 EDT 2025,Thu Mar 13 18:38:20 EDT 2025,GET,http://17313-team01.s3d.cmu.edu:4567/%252525255C%2525252522https:/%2525255C%25252522/github.com/3017050523644951334,404,Not Found,66,693,31628
1090316,Thu Mar 13 18:38:22 EDT 2025,Thu Mar 13 18:38:22 EDT 2025,GET,http://17313-team01.s3d.cmu.edu:4567/%252525255C%2525252522https:/%2525255C%25252522/github.com/NodeBB/4233676066954716728,404,Not Found,63,693,31659
1090318,Thu Mar 13 18:38:23 EDT 2025,Thu Mar 13 18:38:24 EDT 2025,GET,http://17313-team01.s3d.cmu.edu:4567/%252525255C%2525252522https:/%2525255C%25252522/github.com/NodeBB/NodeBB/4218507278841041307,404,Not Found,65,693,31696
1090320,Thu Mar 13 18:38:26 EDT 2025,Thu Mar 13 18:38:26 EDT 2025,GET,http://17313-team01.s3d.cmu.edu:4567/%252525255C%2525252522https:/%2525255C%25252522/github.com/NodeBB/NodeBB/graphs/18056572109198035,404,Not Found,62,693,31723
1090322,Thu Mar 13 18:38:27 EDT 2025,Thu Mar 13 18:38:27 EDT 2025,GET,http://17313-team01.s3d.cmu.edu:4567/%252525255C%2525252522https:/%2525255C%25252522/github.com/NodeBB/NodeBB/graphs/%25255C%252522/673019123269274531,404,Not Found,55,693,31790
1090324,Thu Mar 13 18:38:27 EDT 2025,Thu Mar 13 18:38:27 EDT 2025,GET,http://17313-team01.s3d.cmu.edu:4567/%252525255C%2525252522https:/%2525255C%25252522/github.com/NodeBB/NodeBB/graphs/%25255C%252522/github.com/1188786636198753510,404,Not Found,288,693,31843
1090326,Thu Mar 13 18:38:29 EDT 2025,Thu Mar 13 18:38:29 EDT 2025,GET,http://17313-team01.s3d.cmu.edu:4567/%252525255C%2525252522https:/%2525255C%25252522/github.com/NodeBB/NodeBB/graphs/%25255C%252522/github.com/NodeBB/5789082631780604325,404,Not Found,86,693,31876
1090328,Thu Mar 13 18:38:31 EDT 2025,Thu Mar 13 18:38:31 EDT 2025,GET,http://17313-team01.s3d.cmu.edu:4567/%252525255C%2525252522https:/%2525255C%25252522/github.com/NodeBB/NodeBB/graphs/%25255C%252522/github.com/NodeBB/NodeBB/1167433211590534325,404,Not Found,82,693,31907
1090330,Thu Mar 13 18:38:31 EDT 2025,Thu Mar 13 18:38:31 EDT 2025,GET,http://17313-team01.s3d.cmu.edu:4567/%252525255C%2525252522https:/%2525255C%25252522/github.com/NodeBB/NodeBB/graphs/%25255C%252522/github.com/NodeBB/NodeBB/graphs/1841630048897552559,404,Not Found,81,693,31940
1090332,Thu Mar 13 18:38:35 EDT 2025,Thu Mar 13 18:38:35 EDT 2025,GET,http://17313-team01.s3d.cmu.edu:4567/%252525255C%2525252522https:/%2525255C%25252522/github.com/NodeBB/NodeBB/graphs/%25255C%252522/github.com/NodeBB/NodeBB/graphs/%255C%2522https:/630440363471520959,404,Not Found,84,693,32011
1090334,Thu Mar 13 18:38:36 EDT 2025,Thu Mar 13 18:38:36 EDT 2025,GET,http://17313-team01.s3d.cmu.edu:4567/%252525255C%2525252522https:/%2525255C%25252522/github.com/NodeBB/NodeBB/graphs/%25255C%252522/github.com/NodeBB/NodeBB/graphs/%255C%2522https:/%5C%22https:/7703918208947598774,404,Not Found,78,693,32068
1090336,Thu Mar 13 18:38:38 EDT 2025,Thu Mar 13 18:38:39 EDT 2025,GET,http://17313-team01.s3d.cmu.edu:4567/%252525255C%2525252522https:/%2525255C%25252522/github.com/NodeBB/NodeBB/graphs/%25255C%252522/github.com/NodeBB/NodeBB/graphs/%255C%2522https:/%5C%22/3864081122212405377,404,Not Found,65,693,32046
1090338,Thu Mar 13 18:38:39 EDT 2025,Thu Mar 13 18:38:39 EDT 2025,GET,http://17313-team01.s3d.cmu.edu:4567/%252525255C%2525252522https:/%2525255C%25252522/github.com/NodeBB/NodeBB/graphs/%25255C%252522/github.com/NodeBB/NodeBB/graphs/%255C%2522https:/%5C%22/github.com/7435604664944961862,404,Not Found,63,693,32093
1090340,Thu Mar 13 18:38:41 EDT 2025,Thu Mar 13 18:38:41 EDT 2025,GET,http://17313-team01.s3d.cmu.edu:4567/%252525255C%2525252522https:/%2525255C%25252522/github.com/NodeBB/NodeBB/graphs/%25255C%252522/github.com/NodeBB/NodeBB/graphs/%255C%2522https:/%5C%22/github.com/NodeBB/4933483934667637585,404,Not Found,60,693,32130
1090342,Thu Mar 13 18:38:42 EDT 2025,Thu Mar 13 18:38:43 EDT 2025,GET,http://17313-team01.s3d.cmu.edu:4567/%252525255C%2525252522https:/%2525255C%25252522/github.com/NodeBB/NodeBB/graphs/%25255C%252522/github.com/NodeBB/NodeBB/graphs/%255C%2522https:/%5C%22/github.com/NodeBB/NodeBB/5877972810023501314,404,Not Found,83,693,32163
1090344,Thu Mar 13 18:38:43 EDT 2025,Thu Mar 13 18:38:43 EDT 2025,GET,http://17313-team01.s3d.cmu.edu:4567/%252525255C%2525252522https:/%2525255C%25252522/github.com/NodeBB/NodeBB/graphs/%25255C%252522/github.com/NodeBB/NodeBB/graphs/%255C%2522https:/%5C%22/github.com/NodeBB/NodeBB/graphs/383407331058204255,404,Not Found,59,693,32192
1090346,Thu Mar 13 18:38:45 EDT 2025,Thu Mar 13 18:38:45 EDT 2025,GET,http://17313-team01.s3d.cmu.edu:4567/%252525255C%2525252522https:/%2525255C%25252522/github.com/NodeBB/NodeBB/graphs/%25255C%252522/github.com/NodeBB/NodeBB/graphs/%255C%2522/7919258299513449194,404,Not Found,63,693,31989
1090348,Thu Mar 13 18:38:49 EDT 2025,Thu Mar 13 18:38:49 EDT 2025,GET,http://17313-team01.s3d.cmu.edu:4567/%252525255C%2525252522https:/%2525255C%25252522/github.com/NodeBB/NodeBB/graphs/%25255C%252522/github.com/NodeBB/NodeBB/graphs/%255C%2522/github.com/1988152978547703936,404,Not Found,65,693,32040
1090350,Thu Mar 13 18:38:53 EDT 2025,Thu Mar 13 18:38:53 EDT 2025,GET,http://17313-team01.s3d.cmu.edu:4567/%252525255C%2525252522https:/%2525255C%25252522/github.com/NodeBB/NodeBB/graphs/%25255C%252522/github.com/NodeBB/NodeBB/graphs/%255C%2522/github.com/NodeBB/5157459994520522048,404,Not Found,59,693,32073
1090352,Thu Mar 13 18:38:53 EDT 2025,Thu Mar 13 18:38:53 EDT 2025,GET,http://17313-team01.s3d.cmu.edu:4567/%252525255C%2525252522https:/%2525255C%25252522/github.com/NodeBB/NodeBB/graphs/%25255C%252522/github.com/NodeBB/NodeBB/graphs/%255C%2522/github.com/NodeBB/NodeBB/6014602613558251921,404,Not Found,63,693,32106
1090354,Thu Mar 13 18:38:57 EDT 2025,Thu Mar 13 18:38:57 EDT 2025,GET,http://17313-team01.s3d.cmu.edu:4567/%252525255C%2525252522https:/%2525255C%25252522/github.com/NodeBB/NodeBB/graphs/%25255C%252522/github.com/NodeBB/NodeBB/graphs/%255C%2522/github.com/NodeBB/NodeBB/graphs/1024586420321906207,404,Not Found,63,693,32135
1090356,Thu Mar 13 18:38:57 EDT 2025,Thu Mar 13 18:38:57 EDT 2025,GET,http://17313-team01.s3d.cmu.edu:4567/%252525255C%2525252522https:/%2525255C%25252522/github.com/NodeBB/NodeBB/graphs/%25255C%252522/github.com/NodeBB/NodeBB/graphs/%255C%2522/github.com/NodeBB/NodeBB/graphs/%5C%22/9127253348897354920,404,Not Found,59,693,32168
1090358,Thu Mar 13 18:39:00 EDT 2025,Thu Mar 13 18:39:00 EDT 2025,GET,http://17313-team01.s3d.cmu.edu:4567/%252525255C%2525252522https:/%2525255C%25252522/github.com/NodeBB/NodeBB/graphs/%25255C%252522/github.com/NodeBB/NodeBB/graphs/%255C%2522/github.com/NodeBB/NodeBB/graphs/%5C%22/github.com/4349388653855965251,404,Not Found,64,693,32223
1090360,Thu Mar 13 18:39:01 EDT 2025,Thu Mar 13 18:39:01 EDT 2025,GET,http://17313-team01.s3d.cmu.edu:4567/%252525255C%2525252522https:/%2525255C%25252522/github.com/NodeBB/NodeBB/graphs/%25255C%252522/github.com/NodeBB/NodeBB/graphs/%255C%2522/github.com/NodeBB/NodeBB/graphs/%5C%22/github.com/NodeBB/789472598489210707,404,Not Found,58,693,32248
1090362,Thu Mar 13 18:39:02 EDT 2025,Thu Mar 13 18:39:02 EDT 2025,GET,http://17313-team01.s3d.cmu.edu:4567/%252525255C%2525252522https:/%2525255C%25252522/github.com/NodeBB/NodeBB/graphs/%25255C%252522/github.com/NodeBB/NodeBB/graphs/%255C%2522/github.com/NodeBB/NodeBB/graphs/%5C%22/github.com/NodeBB/NodeBB/4056082333975538416,404,Not Found,58,693,32287
1090364,Thu Mar 13 18:39:04 EDT 2025,Thu Mar 13 18:39:04 EDT 2025,GET,http://17313-team01.s3d.cmu.edu:4567/%252525255C%2525252522https:/%2525255C%25252522/github.com/NodeBB/NodeBB/graphs/%25255C%252522/github.com/NodeBB/NodeBB/graphs/%255C%2522/github.com/NodeBB/NodeBB/graphs/%5C%22/github.com/NodeBB/NodeBB/graphs/5364660186427029190,404,Not Found,62,693,32320
1090366,Thu Mar 13 18:39:05 EDT 2025,Thu Mar 13 18:39:05 EDT 2025,GET,http://17313-team01.s3d.cmu.edu:4567/%252525255C%2525252522https:/%2525255C%25252522/github.com/NodeBB/NodeBB/graphs/%25255C%252522/github.com/NodeBB/NodeBB/graphs/%255C%2522/github.com/NodeBB/NodeBB/graphs/%5C%22https:/4754105046788656909,404,Not Found,59,693,32192
1090368,Thu Mar 13 18:39:07 EDT 2025,Thu Mar 13 18:39:07 EDT 2025,GET,http://17313-team01.s3d.cmu.edu:4567/%252525255C%2525252522https:/%2525255C%25252522/github.com/NodeBB/NodeBB/graphs/%25255C%252522https:/6931000059596143691,404,Not Found,65,693,31818
1090370,Thu Mar 13 18:39:09 EDT 2025,Thu Mar 13 18:39:09 EDT 2025,GET,http://17313-team01.s3d.cmu.edu:4567/%252525255C%2525252522https:/%2525255C%25252522/github.com/NodeBB/NodeBB/graphs/%25255C%252522https:/%255C%2522https:/2533039974689858921,404,Not Found,64,693,31891
1090372,Thu Mar 13 18:39:11 EDT 2025,Thu Mar 13 18:39:11 EDT 2025,GET,http://17313-team01.s3d.cmu.edu:4567/%252525255C%2525252522https:/%2525255C%25252522/github.com/NodeBB/NodeBB/graphs/%25255C%252522https:/%255C%2522https:/%5C%22/123104957350572926,404,Not Found,60,693,31916
1090374,Thu Mar 13 18:39:12 EDT 2025,Thu Mar 13 18:39:12 EDT 2025,GET,http://17313-team01.s3d.cmu.edu:4567/%252525255C%2525252522https:/%2525255C%25252522/github.com/NodeBB/NodeBB/graphs/%25255C%252522https:/%255C%2522https:/%5C%22/github.com/927985699421979809,404,Not Found,63,693,31969
1090376,Thu Mar 13 18:39:13 EDT 2025,Thu Mar 13 18:39:13 EDT 2025,GET,http://17313-team01.s3d.cmu.edu:4567/%252525255C%2525252522https:/%2525255C%25252522/github.com/NodeBB/NodeBB/graphs/%25255C%252522https:/%255C%2522https:/%5C%22/github.com/NodeBB/4940707972850656436,404,Not Found,62,693,32002
1090378,Thu Mar 13 18:39:15 EDT 2025,Thu Mar 13 18:39:15 EDT 2025,GET,http://17313-team01.s3d.cmu.edu:4567/%252525255C%2525252522https:/%2525255C%25252522/github.com/NodeBB/NodeBB/graphs/%25255C%252522https:/%255C%2522https:/%5C%22/github.com/NodeBB/NodeBB/9124893529597482470,404,Not Found,67,693,32037
1090380,Thu Mar 13 18:39:17 EDT 2025,Thu Mar 13 18:39:17 EDT 2025,GET,http://17313-team01.s3d.cmu.edu:4567/%252525255C%2525252522https:/%2525255C%25252522/github.com/NodeBB/NodeBB/graphs/%25255C%252522https:/%255C%2522https:/%5C%22/github.com/NodeBB/NodeBB/graphs/1447068316783361428,404,Not Found,67,693,32068
1090382,Thu Mar 13 18:39:17 EDT 2025,Thu Mar 13 18:39:17 EDT 2025,GET,http://17313-team01.s3d.cmu.edu:4567/%252525255C%2525252522https:/%2525255C%25252522/github.com/NodeBB/NodeBB/graphs/%25255C%252522https:/%255C%2522https:/%5C%22https:/879929768818486090,404,Not Found,60,693,31944
1090384,Thu Mar 13 18:39:20 EDT 2025,Thu Mar 13 18:39:20 EDT 2025,GET,http://17313-team01.s3d.cmu.edu:4567/%252525255C%2525252522https:/%2525255C%25252522/github.com/NodeBB/NodeBB/graphs/%25255C%252522https:/%255C%2522/3238793755882155130,404,Not Found,66,693,31869
1090386,Thu Mar 13 18:39:21 EDT 2025,Thu Mar 13 18:39:21 EDT 2025,GET,http://17313-team01.s3d.cmu.edu:4567/%252525255C%2525252522https:/%2525255C%25252522/github.com/NodeBB/NodeBB/graphs/%25255C%252522https:/%255C%2522/github.com/6550867921223853413,404,Not Found,64,693,31912
1090388,Thu Mar 13 18:39:23 EDT 2025,Thu Mar 13 18:39:23 EDT 2025,GET,http://17313-team01.s3d.cmu.edu:4567/%252525255C%2525252522https:/%2525255C%25252522/github.com/NodeBB/NodeBB/graphs/%25255C%252522https:/%255C%2522/github.com/NodeBB/1067179115229565324,404,Not Found,68,693,31945
1090390,Thu Mar 13 18:39:24 EDT 2025,Thu Mar 13 18:39:24 EDT 2025,GET,http://17313-team01.s3d.cmu.edu:4567/%252525255C%2525252522https:/%2525255C%25252522/github.com/NodeBB/NodeBB/graphs/%25255C%252522https:/%255C%2522/github.com/NodeBB/NodeBB/8453188034526869173,404,Not Found,61,693,31982
1090392,Thu Mar 13 18:39:26 EDT 2025,Thu Mar 13 18:39:26 EDT 2025,GET,http://17313-team01.s3d.cmu.edu:4567/%252525255C%2525252522https:/%2525255C%25252522/github.com/NodeBB/NodeBB/graphs/%25255C%252522https:/%255C%2522/github.com/NodeBB/NodeBB/graphs/7869236783863466284,404,Not Found,61,693,32011
1090394,Thu Mar 13 18:39:27 EDT 2025,Thu Mar 13 18:39:28 EDT 2025,GET,http://17313-team01.s3d.cmu.edu:4567/%252525255C%2525252522https:/%2525255C%25252522/github.com/NodeBB/NodeBB/graphs/%25255C%252522https:/%255C%2522/github.com/NodeBB/NodeBB/graphs/%5C%22/1227085010327074302,404,Not Found,61,693,32044
1090396,Thu Mar 13 18:39:31 EDT 2025,Thu Mar 13 18:39:31 EDT 2025,GET,http://17313-team01.s3d.cmu.edu:4567/%252525255C%2525252522https:/%2525255C%25252522/github.com/NodeBB/NodeBB/graphs/%25255C%252522https:/%255C%2522/github.com/NodeBB/NodeBB/graphs/%5C%22/github.com/2025322852820199765,404,Not Found,61,693,32097
1090398,Thu Mar 13 18:39:32 EDT 2025,Thu Mar 13 18:39:32 EDT 2025,GET,http://17313-team01.s3d.cmu.edu:4567/%252525255C%2525252522https:/%2525255C%25252522/github.com/NodeBB/NodeBB/graphs/%25255C%252522https:/%255C%2522/github.com/NodeBB/NodeBB/graphs/%5C%22/github.com/NodeBB/2548485265579229586,404,Not Found,64,693,32132
1090400,Thu Mar 13 18:39:35 EDT 2025,Thu Mar 13 18:39:35 EDT 2025,GET,http://17313-team01.s3d.cmu.edu:4567/%252525255C%2525252522https:/%2525255C%25252522/github.com/NodeBB/NodeBB/graphs/%25255C%252522https:/%255C%2522/github.com/NodeBB/NodeBB/graphs/%5C%22/github.com/NodeBB/NodeBB/8080798537290287283,404,Not Found,63,693,32161
1090402,Thu Mar 13 18:39:37 EDT 2025,Thu Mar 13 18:39:37 EDT 2025,GET,http://17313-team01.s3d.cmu.edu:4567/%252525255C%2525252522https:/%2525255C%25252522/github.com/NodeBB/NodeBB/graphs/%25255C%252522https:/%255C%2522/github.com/NodeBB/NodeBB/graphs/%5C%22/github.com/NodeBB/NodeBB/graphs/3780535051488684398,404,Not Found,66,693,32196
1090404,Thu Mar 13 18:39:37 EDT 2025,Thu Mar 13 18:39:37 EDT 2025,GET,http://17313-team01.s3d.cmu.edu:4567/%252525255C%2525252522https:/%2525255C%25252522/github.com/NodeBB/NodeBB/graphs/%25255C%252522https:/%255C%2522/github.com/NodeBB/NodeBB/graphs/%5C%22https:/8872002025397371285,404,Not Found,60,693,32070
1090406,Thu Mar 13 18:39:40 EDT 2025,Thu Mar 13 18:39:40 EDT 2025,GET,http://17313-team01.s3d.cmu.edu:4567/%252525255C%2525252522https:/%2525255C%25252522https:/8240398545171141700,404,Not Found,66,693,31631
1090408,Thu Mar 13 18:39:43 EDT 2025,Thu Mar 13 18:39:43 EDT 2025,GET,http://17313-team01.s3d.cmu.edu:4567/%252525255C%2525252522https:/%2525255C%25252522https:/%25255C%252522/5430276169389633471,404,Not Found,63,693,31676
1090410,Thu Mar 13 18:39:43 EDT 2025,Thu Mar 13 18:39:43 EDT 2025,GET,http://17313-team01.s3d.cmu.edu:4567/%252525255C%2525252522https:/%2525255C%25252522https:/%25255C%252522/github.com/244386271271961728,404,Not Found,57,693,31719
1090412,Thu Mar 13 18:39:48 EDT 2025,Thu Mar 13 18:39:48 EDT 2025,GET,http://17313-team01.s3d.cmu.edu:4567/%252525255C%2525252522https:/%2525255C%25252522https:/%25255C%252522/github.com/NodeBB/8145123535096564213,404,Not Found,66,693,31760
1090414,Thu Mar 13 18:39:49 EDT 2025,Thu Mar 13 18:39:50 EDT 2025,GET,http://17313-team01.s3d.cmu.edu:4567/%252525255C%2525252522https:/%2525255C%25252522https:/%25255C%252522/github.com/NodeBB/NodeBB/3395653809261086921,404,Not Found,61,693,31791
1090416,Thu Mar 13 18:39:52 EDT 2025,Thu Mar 13 18:39:52 EDT 2025,GET,http://17313-team01.s3d.cmu.edu:4567/%252525255C%2525252522https:/%2525255C%25252522https:/%25255C%252522/github.com/NodeBB/NodeBB/graphs/4905460088317733743,404,Not Found,62,693,31824
1090418,Thu Mar 13 18:39:53 EDT 2025,Thu Mar 13 18:39:53 EDT 2025,GET,http://17313-team01.s3d.cmu.edu:4567/%252525255C%2525252522https:/%2525255C%25252522https:/%25255C%252522/github.com/NodeBB/NodeBB/graphs/%255C%2522/3900650024928965155,404,Not Found,63,693,31873
1090420,Thu Mar 13 18:39:54 EDT 2025,Thu Mar 13 18:39:54 EDT 2025,GET,http://17313-team01.s3d.cmu.edu:4567/%252525255C%2525252522https:/%2525255C%25252522https:/%25255C%252522/github.com/NodeBB/NodeBB/graphs/%255C%2522/github.com/204055138360571525,404,Not Found,58,693,31916
1090422,Thu Mar 13 18:39:56 EDT 2025,Thu Mar 13 18:39:56 EDT 2025,GET,http://17313-team01.s3d.cmu.edu:4567/%252525255C%2525252522https:/%2525255C%25252522https:/%25255C%252522/github.com/NodeBB/NodeBB/graphs/%255C%2522/github.com/NodeBB/8385921978089357355,404,Not Found,66,693,31955
1090424,Thu Mar 13 18:39:57 EDT 2025,Thu Mar 13 18:39:58 EDT 2025,GET,http://17313-team01.s3d.cmu.edu:4567/%252525255C%2525252522https:/%2525255C%25252522https:/%25255C%252522/github.com/NodeBB/NodeBB/graphs/%255C%2522/github.com/NodeBB/NodeBB/9210504342942545082,404,Not Found,61,693,31990
1090426,Thu Mar 13 18:39:59 EDT 2025,Thu Mar 13 18:39:59 EDT 2025,GET,http://17313-team01.s3d.cmu.edu:4567/%252525255C%2525252522https:/%2525255C%25252522https:/%25255C%252522/github.com/NodeBB/NodeBB/graphs/%255C%2522/github.com/NodeBB/NodeBB/graphs/939613448944600147,404,Not Found,71,693,32019
1090428,Thu Mar 13 18:40:01 EDT 2025,Thu Mar 13 18:40:01 EDT 2025,GET,http://17313-team01.s3d.cmu.edu:4567/%252525255C%2525252522https:/%2525255C%25252522https:/%25255C%252522/github.com/NodeBB/NodeBB/graphs/%255C%2522/github.com/NodeBB/NodeBB/graphs/%5C%22/3240114836453076489,404,Not Found,65,693,32052
1090430,Thu Mar 13 18:40:03 EDT 2025,Thu Mar 13 18:40:03 EDT 2025,GET,http://17313-team01.s3d.cmu.edu:4567/%252525255C%2525252522https:/%2525255C%25252522https:/%25255C%252522/github.com/NodeBB/NodeBB/graphs/%255C%2522/github.com/NodeBB/NodeBB/graphs/%5C%22/github.com/4544514789625861380,404,Not Found,60,693,32103
1090432,Thu Mar 13 18:40:04 EDT 2025,Thu Mar 13 18:40:05 EDT 2025,GET,http://17313-team01.s3d.cmu.edu:4567/%252525255C%2525252522https:/%2525255C%25252522https:/%25255C%252522/github.com/NodeBB/NodeBB/graphs/%255C%2522/github.com/NodeBB/NodeBB/graphs/%5C%22/github.com/NodeBB/6499729148402503169,404,Not Found,65,693,32138
1090434,Thu Mar 13 18:40:09 EDT 2025,Thu Mar 13 18:40:09 EDT 2025,GET,http://17313-team01.s3d.cmu.edu:4567/%252525255C%2525252522https:/%2525255C%25252522https:/%25255C%252522/github.com/NodeBB/NodeBB/graphs/%255C%2522/github.com/NodeBB/NodeBB/graphs/%5C%22/github.com/NodeBB/NodeBB/457561289295842273,404,Not Found,67,693,32165
1090436,Thu Mar 13 18:40:10 EDT 2025,Thu Mar 13 18:40:10 EDT 2025,GET,http://17313-team01.s3d.cmu.edu:4567/%252525255C%2525252522https:/%2525255C%25252522https:/%25255C%252522/github.com/NodeBB/NodeBB/graphs/%255C%2522/github.com/NodeBB/NodeBB/graphs/%5C%22/github.com/NodeBB/NodeBB/graphs/4287200094139075550,404,Not Found,65,693,32204
1090438,Thu Mar 13 18:40:11 EDT 2025,Thu Mar 13 18:40:11 EDT 2025,GET,http://17313-team01.s3d.cmu.edu:4567/%252525255C%2525252522https:/%2525255C%25252522https:/%25255C%252522/github.com/NodeBB/NodeBB/graphs/%255C%2522/github.com/NodeBB/NodeBB/graphs/%5C%22https:/5026367651392000051,404,Not Found,60,693,32076
1090440,Thu Mar 13 18:40:15 EDT 2025,Thu Mar 13 18:40:15 EDT 2025,GET,http://17313-team01.s3d.cmu.edu:4567/%252525255C%2525252522https:/%2525255C%25252522https:/%25255C%252522/github.com/NodeBB/NodeBB/graphs/%255C%2522https:/17117555705829111,404,Not Found,65,693,31889
1090442,Thu Mar 13 18:40:16 EDT 2025,Thu Mar 13 18:40:16 EDT 2025,GET,http://17313-team01.s3d.cmu.edu:4567/%252525255C%2525252522https:/%2525255C%25252522https:/%25255C%252522/github.com/NodeBB/NodeBB/graphs/%255C%2522https:/%5C%22/5546051426493417955,404,Not Found,63,693,31928
1090444,Thu Mar 13 18:40:19 EDT 2025,Thu Mar 13 18:40:19 EDT 2025,GET,http://17313-team01.s3d.cmu.edu:4567/%252525255C%2525252522https:/%2525255C%25252522https:/%25255C%252522/github.com/NodeBB/NodeBB/graphs/%255C%2522https:/%5C%22/github.com/3823468389239803154,404,Not Found,63,693,31983
1090446,Thu Mar 13 18:40:19 EDT 2025,Thu Mar 13 18:40:20 EDT 2025,GET,http://17313-team01.s3d.cmu.edu:4567/%252525255C%2525252522https:/%2525255C%25252522https:/%25255C%252522/github.com/NodeBB/NodeBB/graphs/%255C%2522https:/%5C%22/github.com/NodeBB/7049342872785884665,404,Not Found,57,693,32012
1090448,Thu Mar 13 18:40:21 EDT 2025,Thu Mar 13 18:40:21 EDT 2025,GET,http://17313-team01.s3d.cmu.edu:4567/%252525255C%2525252522https:/%2525255C%25252522https:/%25255C%252522/github.com/NodeBB/NodeBB/graphs/%255C%2522https:/%5C%22/github.com/NodeBB/NodeBB/348180649379749881,404,Not Found,59,693,32043
1090450,Thu Mar 13 18:40:23 EDT 2025,Thu Mar 13 18:40:23 EDT 2025,GET,http://17313-team01.s3d.cmu.edu:4567/%252525255C%2525252522https:/%2525255C%25252522https:/%25255C%252522/github.com/NodeBB/NodeBB/graphs/%255C%2522https:/%5C%22/github.com/NodeBB/NodeBB/graphs/6816941046511089490,404,Not Found,61,693,32080
1090452,Thu Mar 13 18:40:23 EDT 2025,Thu Mar 13 18:40:23 EDT 2025,GET,http://17313-team01.s3d.cmu.edu:4567/%252525255C%2525252522https:/%2525255C%25252522https:/%25255C%252522/github.com/NodeBB/NodeBB/graphs/%255C%2522https:/%5C%22https:/1458805444495151388,404,Not Found,56,693,31956
1090454,Thu Mar 13 18:40:24 EDT 2025,Thu Mar 13 18:40:24 EDT 2025,GET,http://17313-team01.s3d.cmu.edu:4567/%252525255C%2525252522https:/%2525255C%25252522https:/%25255C%252522https:/4582501184120299418,404,Not Found,64,693,31712
1090456,Thu Mar 13 18:40:26 EDT 2025,Thu Mar 13 18:40:26 EDT 2025,GET,http://17313-team01.s3d.cmu.edu:4567/%252525255C%2525252522https:/%2525255C%25252522https:/%25255C%252522https:/%255C%2522https:/2111460641136108066,404,Not Found,64,693,31785
1090458,Thu Mar 13 18:40:30 EDT 2025,Thu Mar 13 18:40:30 EDT 2025,GET,http://17313-team01.s3d.cmu.edu:4567/%252525255C%2525252522https:/%2525255C%25252522https:/%25255C%252522https:/%255C%2522https:/%5C%22/799425335080087110,404,Not Found,64,693,31812
1090460,Thu Mar 13 18:40:31 EDT 2025,Thu Mar 13 18:40:31 EDT 2025,GET,http://17313-team01.s3d.cmu.edu:4567/%252525255C%2525252522https:/%2525255C%25252522https:/%25255C%252522https:/%255C%2522https:/%5C%22/github.com/7098254050607365198,404,Not Found,61,693,31863
1090462,Thu Mar 13 18:40:31 EDT 2025,Thu Mar 13 18:40:31 EDT 2025,GET,http://17313-team01.s3d.cmu.edu:4567/%252525255C%2525252522https:/%2525255C%25252522https:/%25255C%252522https:/%255C%2522https:/%5C%22/github.com/NodeBB/3399396415332771077,404,Not Found,59,693,31900
1090464,Thu Mar 13 18:40:35 EDT 2025,Thu Mar 13 18:40:36 EDT 2025,GET,http://17313-team01.s3d.cmu.edu:4567/%252525255C%2525252522https:/%2525255C%25252522https:/%25255C%252522https:/%255C%2522https:/%5C%22/github.com/NodeBB/NodeBB/1230575484902320344,404,Not Found,64,693,31929
1090466,Thu Mar 13 18:40:36 EDT 2025,Thu Mar 13 18:40:36 EDT 2025,GET,http://17313-team01.s3d.cmu.edu:4567/%252525255C%2525252522https:/%2525255C%25252522https:/%25255C%252522https:/%255C%2522https:/%5C%22/github.com/NodeBB/NodeBB/graphs/2032074350896531523,404,Not Found,57,693,31966
1090468,Thu Mar 13 18:40:36 EDT 2025,Thu Mar 13 18:40:36 EDT 2025,GET,http://17313-team01.s3d.cmu.edu:4567/%252525255C%2525252522https:/%2525255C%25252522https:/%25255C%252522https:/%255C%2522https:/%5C%22https:/5990858794515117909,404,Not Found,40,693,31842
1090470,Thu Mar 13 18:40:38 EDT 2025,Thu Mar 13 18:40:38 EDT 2025,GET,http://17313-team01.s3d.cmu.edu:4567/%252525255C%2525252522https:/%2525255C%25252522https:/%25255C%252522https:/%255C%2522/847559320196046922,404,Not Found,62,693,31757
1090472,Thu Mar 13 18:40:39 EDT 2025,Thu Mar 13 18:40:39 EDT 2025,GET,http://17313-team01.s3d.cmu.edu:4567/%252525255C%2525252522https:/%2525255C%25252522https:/%25255C%252522https:/%255C%2522/github.com/101204365217246677,404,Not Found,63,693,31806
1090474,Thu Mar 13 18:40:41 EDT 2025,Thu Mar 13 18:40:42 EDT 2025,GET,http://17313-team01.s3d.cmu.edu:4567/%252525255C%2525252522https:/%2525255C%25252522https:/%25255C%252522https:/%255C%2522/github.com/NodeBB/2957854161092054539,404,Not Found,66,693,31845
1090476,Thu Mar 13 18:40:42 EDT 2025,Thu Mar 13 18:40:42 EDT 2025,GET,http://17313-team01.s3d.cmu.edu:4567/%252525255C%2525252522https:/%2525255C%25252522https:/%25255C%252522https:/%255C%2522/github.com/NodeBB/NodeBB/1453272351679504060,404,Not Found,63,693,31876
1090478,Thu Mar 13 18:40:44 EDT 2025,Thu Mar 13 18:40:44 EDT 2025,GET,http://17313-team01.s3d.cmu.edu:4567/%252525255C%2525252522https:/%2525255C%25252522https:/%25255C%252522https:/%255C%2522/github.com/NodeBB/NodeBB/graphs/501587920139331766,404,Not Found,60,693,31901
1090480,Thu Mar 13 18:40:46 EDT 2025,Thu Mar 13 18:40:46 EDT 2025,GET,http://17313-team01.s3d.cmu.edu:4567/%252525255C%2525252522https:/%2525255C%25252522https:/%25255C%252522https:/%255C%2522/github.com/NodeBB/NodeBB/graphs/%5C%22https:/7598109230806433888,404,Not Found,58,693,31966
1090482,Thu Mar 13 18:40:50 EDT 2025,Thu Mar 13 18:40:50 EDT 2025,GET,http://17313-team01.s3d.cmu.edu:4567/%252525255C%2525252522https:/%2525255C%25252522https:/%25255C%252522https:/%255C%2522/github.com/NodeBB/NodeBB/graphs/%5C%22/6541726435725234134,404,Not Found,65,693,31938
1090484,Thu Mar 13 18:40:50 EDT 2025,Thu Mar 13 18:40:50 EDT 2025,GET,http://17313-team01.s3d.cmu.edu:4567/%252525255C%2525252522https:/%2525255C%25252522https:/%25255C%252522https:/%255C%2522/github.com/NodeBB/NodeBB/graphs/%5C%22/github.com/5940554373594307993,404,Not Found,40,693,31987
1090486,Thu Mar 13 18:40:50 EDT 2025,Thu Mar 13 18:40:50 EDT 2025,GET,http://17313-team01.s3d.cmu.edu:4567/%252525255C%2525252522https:/%2525255C%25252522https:/%25255C%252522https:/%255C%2522/github.com/NodeBB/NodeBB/graphs/%5C%22/github.com/NodeBB/4753153233960951378,404,Not Found,36,693,32022
1090488,Thu Mar 13 18:40:54 EDT 2025,Thu Mar 13 18:40:54 EDT 2025,GET,http://17313-team01.s3d.cmu.edu:4567/%252525255C%2525252522https:/%2525255C%25252522https:/%25255C%252522https:/%255C%2522/github.com/NodeBB/NodeBB/graphs/%5C%22/github.com/NodeBB/NodeBB/2243092442078354655,404,Not Found,68,693,32053
1090490,Thu Mar 13 18:40:54 EDT 2025,Thu Mar 13 18:40:54 EDT 2025,GET,http://17313-team01.s3d.cmu.edu:4567/%252525255C%2525252522https:/%2525255C%25252522https:/%25255C%252522https:/%255C%2522/github.com/NodeBB/NodeBB/graphs/%5C%22/github.com/NodeBB/NodeBB/graphs/7829339033866722833,404,Not Found,64,693,32092
1090492,Thu Mar 13 18:40:57 EDT 2025,Thu Mar 13 18:40:57 EDT 2025,GET,http://17313-team01.s3d.cmu.edu:4567/%2525255C%25252522https:/4308121589789185307,404,Not Found,57,693,31398
1090494,Thu Mar 13 18:40:58 EDT 2025,Thu Mar 13 18:40:58 EDT 2025,GET,http://17313-team01.s3d.cmu.edu:4567/%2525255C%25252522https:/%25255C%252522/6698727430412008093,404,Not Found,61,693,31533
